distance_m,time_s,elevation_m
0.0,0.0,0.0867
1.0,20.0,0.105
2.0,40.0,0.194
3.0,60.0,0.1534
4.0,80.0,0.1371
5.0,100.0,0.0796
6.0,120.0,0.1288
7.0,140.0,0.1161
8.0,160.0,0.2196
9.0,180.0,0.2508
10.0,200.0,0.3778
11.0,220.0,0.3803
12.0,240.0,0.412
13.0,260.0,0.3442
14.0,280.0,0.3115
15.0,300.0,0.193
16.0,320.0,0.1973
17.0,340.0,0.1318
18.0,360.0,0.2064
19.0,380.0,0.1928
20.0,400.0,0.2582
21.0,420.0,0.2155
22.0,440.0,0.2346
23.0,460.0,0.1066
24.0,480.0,0.3454
25.0,500.0,0.5128
26.0,520.0,0.1899
27.0,540.0,-0.1829
28.0,560.0,-0.1399
29.0,580.0,-0.1523
30.0,600.0,-0.0712
31.0,620.0,-0.1316
32.0,640.0,-0.1244
33.0,660.0,-0.2279
34.0,680.0,-0.2532
35.0,700.0,-0.3577
36.0,720.0,-0.3736
37.0,740.0,-0.4197
38.0,760.0,-0.3412
39.0,780.0,-0.3003
40.0,800.0,-0.1942
41.0,820.0,-0.1882
42.0,840.0,-0.148
43.0,860.0,-0.1953
44.0,880.0,-0.1921
45.0,900.0,-0.2578
46.0,920.0,-0.2136
47.0,940.0,-0.2201
48.0,960.0,-0.1014
49.0,980.0,-0.049
50.0,1000.0,0.0866
51.0,1020.0,0.1217
52.0,1040.0,0.172
53.0,1060.0,0.1408
54.0,1080.0,0.1519
55.0,1100.0,0.0863
56.0,1120.0,0.1248
57.0,1140.0,0.1342
58.0,1160.0,0.2111
59.0,1180.0,0.269
60.0,1200.0,0.3522
61.0,1220.0,0.3691
62.0,1240.0,0.413
63.0,1260.0,0.3388
64.0,1280.0,0.3139
65.0,1300.0,0.2096
66.0,1320.0,0.4902
67.0,1340.0,0.7368
68.0,1360.0,0.5062
69.0,1380.0,0.1913
70.0,1400.0,0.2473
71.0,1420.0,0.211
72.0,1440.0,0.2132
73.0,1460.0,0.1131
74.0,1480.0,0.0511
75.0,1500.0,-0.0768
76.0,1520.0,-0.1197
77.0,1540.0,-0.1849
78.0,1560.0,-0.1377
79.0,1580.0,-0.1597
80.0,1600.0,-0.0881
81.0,1620.0,-0.1342
82.0,1640.0,-0.1229
83.0,1660.0,-0.2236
84.0,1680.0,-0.2713
85.0,1700.0,-0.3641
86.0,1720.0,-0.3772
87.0,1740.0,-0.4112
88.0,1760.0,-0.3282
89.0,1780.0,-0.3023
90.0,1800.0,-0.195
91.0,1820.0,-0.1946
92.0,1840.0,-0.1456
93.0,1860.0,-0.1984
94.0,1880.0,-0.2101
95.0,1900.0,-0.2745
96.0,1920.0,-0.2356
97.0,1940.0,-0.2323
98.0,1960.0,-0.1042
99.0,1980.0,-0.0588
100.0,2000.0,0.0799
101.0,2020.0,0.1284
102.0,2040.0,0.183
103.0,2060.0,0.1514
104.0,2080.0,0.1473
105.0,2100.0,0.0906
106.0,2120.0,0.1181
107.0,2140.0,0.1158
108.0,2160.0,0.2281
109.0,2180.0,0.2421
110.0,2200.0,0.3734
111.0,2220.0,0.3749
112.0,2240.0,0.4054
113.0,2260.0,0.3185
114.0,2280.0,0.3075
115.0,2300.0,0.1963
116.0,2320.0,0.196
117.0,2340.0,0.1416
118.0,2360.0,0.2136
119.0,2380.0,0.1909
120.0,2400.0,0.2498
121.0,2420.0,0.2241
122.0,2440.0,0.5246
123.0,2460.0,0.7218
124.0,2480.0,0.3581
125.0,2500.0,-0.0801
126.0,2520.0,-0.1008
127.0,2540.0,-0.1984
128.0,2560.0,-0.1504
129.0,2580.0,-0.1659
130.0,2600.0,-0.0965
131.0,2620.0,-0.1413
132.0,2640.0,-0.1129
133.0,2660.0,-0.222
134.0,2680.0,-0.274
135.0,2700.0,-0.3792
136.0,2720.0,-0.3694
137.0,2740.0,-0.4029
138.0,2760.0,-0.313
139.0,2780.0,-0.2777
140.0,2800.0,-0.1975
141.0,2820.0,-0.2035
142.0,2840.0,-0.1627
143.0,2860.0,-0.1949
144.0,2880.0,-0.2014
145.0,2900.0,-0.2642
146.0,2920.0,-0.2285
147.0,2940.0,-0.2238
148.0,2960.0,-0.0975
149.0,2980.0,-0.0481
150.0,3000.0,0.0821
151.0,3020.0,0.105
152.0,3040.0,0.1698
153.0,3060.0,0.1391
154.0,3080.0,0.1561
155.0,3100.0,0.1103
156.0,3120.0,0.1289
157.0,3140.0,0.4291
158.0,3160.0,0.8147
159.0,3180.0,0.5475
160.0,3200.0,0.3594
161.0,3220.0,0.3652
162.0,3240.0,0.4326
163.0,3260.0,0.3248
164.0,3280.0,0.3152
165.0,3300.0,0.1926
166.0,3320.0,0.203
167.0,3340.0,0.1452
168.0,3360.0,0.196
169.0,3380.0,0.1928
170.0,3400.0,0.2535
171.0,3420.0,0.2268
172.0,3440.0,0.2178
173.0,3460.0,0.0959
174.0,3480.0,0.0369
175.0,3500.0,-0.082
176.0,3520.0,-0.0996
177.0,3540.0,-0.1849
178.0,3560.0,-0.1452
179.0,3580.0,-0.1538
180.0,3600.0,-0.0796
181.0,3620.0,-0.1254
182.0,3640.0,-0.1233
183.0,3660.0,-0.2087
184.0,3680.0,-0.2551
185.0,3700.0,-0.3537
186.0,3720.0,-0.3707
187.0,3740.0,-0.4236
188.0,3760.0,-0.3467
189.0,3780.0,0.0097
190.0,3800.0,0.4156
191.0,3820.0,0.1046
192.0,3840.0,-0.1452
193.0,3860.0,-0.183
194.0,3880.0,-0.2043
195.0,3900.0,-0.269
196.0,3920.0,-0.2159
197.0,3940.0,-0.2263
198.0,3960.0,-0.1082
199.0,3980.0,-0.0513
200.0,4000.0,0.0871
